name,center_id,postcode,lat,lon
Aberdeen Mail Centre,0,AB12 3TT,57.11134,-2.094009
Scottish Hub,1,ML2 0XX,55.773369,-3.950501
Edinburgh Airport,2,EH12 0AL,55.951807,-3.350728
Peterhead DO,3,AB42 1AA,57.505728,-1.786428
Aberdeen LD,4,AB12 3TW,57.111675,-2.093754
OBL Services,5,LU7 4WG,51.906943,-0.656992
Fraserburgh DO,6,AB43 9AA,57.691035,-2.005924
Bridgend VOC,7,CF31 3YN,51.498505,-3.529458
Amazon Swansea Bay (CWL1) SA1 8QX,8,SA1 8QX,51.624588,-3.861513
Swansea Mail Centre,9,SA1 1AA,51.647984,-3.923586
Cardiff Mail Centre,10,CF11 8TA,51.465736,-3.193634
Newport West DO,11,NP20 5XX,51.591272,-2.997047
Ferndale DO,12,CF43 4HN,51.658007,-3.441993
Amazon Bristol (SBS2)  BS11 0YH,13,BS11 0YH,51.515597,-2.669393
South West Hub,14,BS35 4GG,51.549103,-2.649309
Bridgend CF DO,15,CF31 1ZZ,51.50522,-3.571166
Newport East DO,16,NP19 4AA,51.572112,-2.944682
Midlands Super Hub,17,NN6 7GZ,52.361686,-1.169689
Princess Royal Hub,18,NW10 7RH,51.541943,-0.272247
Birmingham Mail Centre,19,B6 4AA,52.495953,-1.894214
National Distribution Centre,20,NN6 7DD,52.357705,-1.159542
Bristol Mail Centre,21,BS34 7ST,51.521874,-2.572469
Jubilee Mail Centre,22,TW4 5XX,51.450964,-0.386827
Amazon Bristol  (BRS1)   BS35 4DJ,23,BS35 4DJ,51.541549,-2.641429
Swindon VOC,24,SN3 5JN,51.551186,-1.725756
Bristol AP (BS34 5DJ),25,BS34 5DJ,51.523432,-2.589773
Coventry National Hub,26,CV3 4PF,52.362665,-1.475271
Swansea LD,27,SA7 0AQ,51.673852,-3.900908
Newport LD,28,NP20 2NN,51.569987,-3.003759
Nisbets St Brendans BS11 9HA,29,BS11 9HA,51.49965,-2.68215
Gloucester LD,30,GL2 2AD,51.81331,-2.279408
Coventry International Hub,31,CV3 4PF,52.362665,-1.475271
Exeter Mail Centre,32,EX2 7XX,50.725924,-3.46406
East Midlands Airport,33,DE74 2SA,52.824724,-1.331344
Nisbets Main Site BS11 8TB,34,BS11 8TB,51.502866,-2.677101
Cardiff North DO,35,CF14 5XW,51.522153,-3.194287
Northern Ireland Mail Centre,36,BT36 4HQ,54.667769,-5.972359
Belfast LD,37,BT3 9PF,54.633,-5.892002
Craigavon Portadown DO,38,BT64 1HB,54.450943,-6.397422
Larne Docks,39,BT40 1AW,54.84812,-5.798566
Belfast Airport,40,BT29 4AB,54.662159,-6.217721
Belfast East BT5 And BT6 DO,41,BT5 6QH,54.581582,-5.872214
Enniskillen DO,42,BT74 4BA,54.352877,-7.605818
Belfast Docks,43,BT3 9SS,54.5833,-5.9333
Belfast North DO,44,BT1 1AA,54.602444,-5.922291
City Electrical Factors SG9 9ER,45,SG9 9ER,51.947556,-0.031105
National Return Centre,46,BT1 1AA,54.602444,-5.922291
AMAZON (STN8)  MK17 7AB,47,MK17 7AB,52.038988,-0.653612
Hereford DO,48,HR1 1AA,52.060745,-2.710027
North West Hub,49,WA5 3UY,53.409388,-2.669276
Inditex Returns (NN4 5EL),50,NN4 5EL,52.188158,-0.892679
Worcester DO,51,WR4 9WW,52.216261,-2.179679
Amazon Bardon (BHX2) (LE67 1GQ),52,LE67 1GQ,52.695343,-1.350602
PHS Direct (B46 1HQ),53,B46 1HQ,52.513699,-1.714164
Brierley Hill DO,54,DY5 1UD,52.484925,-2.118183
Pro Direct Sport,55,TQ12 4PQ,50.527167,-3.576258
Mod Donnington TF1 7AE,56,TF1 7AE,52.727701,-2.461029
Mail & Marketing Solutions  (BD4 9SW),57,BD4 9SW,53.773721,-1.722463
TTS RMER (NG15 6XJ),58,NG15 6XJ,53.021798,-1.213439
ED Logistics,59,ME3 8HR,51.432634,0.501194
World of Books  (CV3 4PW),60,CV3 4PW,52.367601,-1.471546
Screwfix ST14 8LP,61,ST14 8LP,52.867098,-1.801082
Specialist Crafts Ltd LE4 9HQ,62,LE4 9HQ,52.664289,-1.078722
Tamworth DO,63,B77 2BP,52.628201,-1.685171
Cool Solutions,64,HU9 1UD,53.74664,-0.308844
Roman Originals (B24 9QP),65,B24 9QP,52.52635,-1.809
Beeswift Limited (B6 7EU),66,B6 7EU,52.515483,-1.892084
NW Midlands Mail Centre,67,WV1 1AA,52.588468,-2.114955
Amazon (EMA4) (B76 9AA),68,B76 9AA,52.540632,-1.776726
Burton On Trent DO,69,DE14 1BB,52.815734,-1.629188
Shop Direct OL9 8PW,70,OL9 8PW,53.534109,-2.148179
Hallmark LE13 1BS,71,LE13 1BS,52.765368,-0.868204
Rotherham LD,72,S60 1DX,53.417642,-1.383826
DHL Warehousing CV6 4QG ,73,CV6 4QG ,52.45697,-1.521568
Coleshill DO,74,B46 3BT,52.497998,-1.705935
Supersmart (WS9 8DT),75,WS9 8DT,52.603228,-1.932252
GSP Geodis WS13 8UR,76,WS13 8UR,52.708506,-1.782037
Slimming world  DE55 2JJ,77,DE55 2JJ,53.111055,-1.323768
Leicester Central DO,78,LE19 1LE,52.612912,-1.194911
South Midlands Mail Centre,79,NN4 9DR,52.215832,-0.953409
Leeds Mail Centre,80,LS10 1AZ,53.765749,-1.500514
CBF Fulfilment Ltd (GL1 2BX),81,GL1 2BX,51.869799,-2.243579
North West Processing Centre,82,PR7 7DW,53.672366,-2.646144
Birmingham AP Site (B98 9NA),83,B98 9NA,52.316387,-1.888926
Barnsley DO,84,S70 1AA,53.551618,-1.482797
Costco NN6 7TZ,85,NN6 7TZ,52.354297,-1.142253
Oldbury DO,86,B69 4AA,52.503992,-2.009061
Abstrakt Services Ltd,87,B6 4AE,52.494685,-1.883627
Liverpool LD,88,L36 6BP,53.406589,-2.819581
Preston Mail Centre,89,PR2 9GG,53.796639,-2.685008
FCS Lasermail B24 9QL,90,B24 9QL,52.510974,-1.830657
Basingstoke LD,91,RG22 6HY,51.262906,-1.113066
Sheffield Mail Centre,92,S9 2XX,53.404257,-1.430827
Home Counties North MC,93,HP2 7XX,51.76436,-0.439073
Nottingham Mail Centre,94,NG9 2RR,52.92991,-1.197821
Manchester Mail Centre,95,M4 5AA,53.487362,-2.227212
Amazon Redditch BHX8  (B98 9AY),96,B98 9AY,52.312384,-1.883664
Warrington Mail Centre,97,WA5 3XA,53.406693,-2.659532
Yorkshire Hub,98,WF6 2XX,53.719888,-1.418136
Chelmsford Mail Centre,99,CM2 5AA,51.751986,0.518441
Peterborough Mail Centre,100,PE4 5PE,52.613357,-0.286193
Southampton Mail Centre,101,SO18 2XX,50.948409,-1.362365
GXO Toolstation Northampton (NN4 9FJ),102,NN4 9FJ,52.224351,-0.965493
Nottingham LD,103,NG4 2SQ,52.959071,-1.064458
Moonpig Tamworth (B78 2FG),104,B78 2FG,52.600579,-1.636519
Selfridges B46 1DA,105,B46 1DA,52.523278,-1.709032
Amazon Peterborough (EUK5) PE2 9EN,106,PE2 9EN,52.541843,-0.23834
Northampton Crow Lane DO,107,NN3 9UB,52.247714,-0.811909
Bromsgrove DO,108,B60 3BG,52.301271,-2.013249
Preston LD,109,PR5 8AN,53.7248,-2.643492
Creo Fulfilment ME20 7NA,110,ME20 7NA,51.290369,0.471336
Carlisle VOC,111,CA3 0PP,54.923664,-2.959046
Carlisle Mail Centre,112,CA1 1AA,54.890559,-2.943791
Cairnryan Docks,113,DG9 8RF,54.96566,-5.015201
Perth LD,114,PH1 3UG,56.4159,-3.473665
Rotherham Services,115,s604eq,53.407417,-1.315018
Amazon NCL2  (TS22 ENG),116,TS22 ENG,54.587,-1.2274
Newton Stewart DO,117,DG8 6ND,54.954228,-4.489134
Carlisle DO,118,CA1 1AA,54.890559,-2.943791
Dumfries DO,119,DG1 1AA,55.069708,-3.609592
Penrith DO,120,CA11 7AA,54.662446,-2.751002
Annan DO,121,DG12 6TS,54.983859,-3.262737
Workington DO,122,CA14 2AA,54.643326,-3.561764
Wigton DO,123,CA7 9BB,54.827879,-3.161147
Thornhill DO,124,DG3 5LJ,55.24148,-3.765467
Loch Ryan Stranraer Docks,125,DG9 8RG,54.985049,-5.034797
Chester Mail Centre,126,CH1 4PA,53.192479,-2.922165
Glasgow Mail Centre,127,G21 1AA,55.874958,-4.224014
Cockermouth DO,128,CA13 9RP,54.662798,-3.366601
Egremont DO,129,CA22 2RB,54.477657,-3.526165
Maryport DO,130,CA15 8NF,54.706263,-3.502239
Warrington Rail Terminal,131,WA2 8AA,53.404444,-2.600338
Edinburgh Mail Centre,132,EH11 4YY,55.923227,-3.305134
Amazon Darlington  (MME1)  DL1 4PG,133,DL1 4PG,54.522701,-1.500682
Birkenhead DO,134,CH41 4AA,53.397057,-3.01145
Leyland DO,135,PR25 2ZB,53.700204,-2.706661
Diamond Comic Distributors (WA7 1SN),136,WA7 1SN,53.350433,-2.681482
Boux Avenue (CW1 6NA),137,CW1 6NA,53.080386,-2.418933
Shrewsbury AP PFW - Wednesbury BD,138,WS10 7DG,52.560356,-2.027172
Demon Tweeks LL13 9UG,139,LL13 9UG,53.045416,-2.925242
Amazon Bolton  (MAN3)  BL5 1DB,140,BL5 1DB,53.541352,-2.449924
Nisbets Access 18 BS11 8HT,141,BS11 8HT,51.509046,-2.682442
Ingram Micros NN6 7EX,142,NN6 7EX,52.352282,-1.159587
Card Factory Gate 1 WF2 0XG,143,WF2 0XG,53.709865,-1.521508
Deeside LD,144,Ch5 2QX,53.199713,-2.997231
Manchester LD,145,M1 2NP,53.477808,-2.221252
Edinburgh LD,146,EH11 4XX,55.926134,-3.302191
Amazon St Helens   (MAN8)  WA11 9FS,147,WA11 9FS,53.475961,-2.673442
Glasgow LD,148,G32 8NB,55.827215,-4.172123
Braintree DO,149,CM7 3SR,51.876441,0.566235
Bury St Edmunds DO,150,IP32 7YY,52.242165,0.753105
Brightlingsea DO,151,CO7 0AA,51.811528,1.024884
Hadleigh DO,152,IP7 5AA,52.043614,0.953511
Harlow DO,153,CM20 1AA,51.771744,0.093959
Southend On Sea DO,154,SS1 1AA,51.543523,0.71237
Romford Mail Centre,155,RM7 0AB,51.570143,0.170731
SEDC VOC,156,ME1 3AU,51.35889,0.495608
Chelmsford DO,157,CM2 6ZZ,51.742492,0.500602
Basildon DO,158,SS14 1AA,51.571106,0.460069
Sudbury DO,159,CO10 2GT,52.044871,0.755091
London Central Mail Centre,160,EC1A 1BB,51.524565,-0.112042
Seasalt (RM18 7HD),161,RM18 7HD,51.467442,0.34664
Denny Enterprises  KA13 6PT,162,KA13 6PT,55.644039,-4.692359
Amazon Tilbury RM18 7AN,163,RM18 7AN,51.469769,0.354018
Stubbins Food Partnerships EN8 7LU,164,EN8 7LU,51.685123,-0.026613
London East LD,165,E6 7FF,51.514824,0.085138
Delta Global Source LE8 6ZG,166,LE8 6ZG,52.561714,-1.18567
Ipswich LD,167,IP3 9SL,52.030351,1.214016
South East Processing Centre - Hatfield PF,168,AL10 9SL,51.774784,-0.250787
Manx Independent Carriers (WN8 9QE),169,WN8 9QE,53.528351,-2.748343
Photobox NW10 7AQ,170,NW10 7AQ,51.535319,-0.269975
Clacton On Sea DO,171,CO15 3ER,51.801817,1.160441
Ilford DO,172,IG1 1BX,51.558423,0.072863
North Essex LD,173,CM2 5AE,51.749268,0.519272
Amazon Dartford LCY3 (DA1 5PZ),174,DA1 5PZ,51.461235,0.247187
Whitechapel DO,175,E1 1AA,51.519018,-0.058133
Cambridge LD,176,CB1 3EZ,52.208519,0.14765
Greenford Mail Centre,177,UB6 0GG,51.540302,-0.333466
Harold Hill DO,178,RM3 8YN,51.605542,0.223874
Grays DO,179,RM17 5QB,51.480094,0.322359
Heathrow Worldwide DC,180,SL3 8AQ,51.49666,-0.532511
Amazon Dunstable (LTN4) LU5 4FE ,181,LU5 4FE,51.891158,-0.506695
Croydon Mail Centre,182,CR9 4AA,51.382348,-0.132875
Milton Keynes Storage,183,MK1 1JN,52.009902,-0.724889
Greenwich DO,184,SE10 0DP,51.489343,0.017988
Beckenham DO,185,BR3 4XX,51.396363,-0.048151
Bromley DO,186,BR1 3QH,51.408226,0.017578
Medway Mail Centre,187,ME2 2JU,51.3854,0.484761
LTS Distribution,188,B9 4PP,52.477941,-1.86535
London South East LD,189,DA1 4QX,51.462344,0.191901
Southwark DO,190,SE1 5SE,51.492762,-0.080152
London Central LD,191,NW1 0NT,51.539124,-0.133979
Croydon DO,192,CR0 3RL,51.377742,-0.11259
Amazon Milton Keynes (LTN1) MK43 0ZA,193,MK43 0ZA,52.029145,-0.592991
Tropic Skincare  (CR0 4TQ),194,CR0 4TQ,51.386219,-0.134859
TK Maxx (DHL) (CV23 0XF),195,CV23 0XF,52.406666,-1.247785
Tonbridge LD,196,TN9 1YQ,51.19414,0.292276
Air Canada TW6 3JJ,197,TW6 3JJ,51.458913,-0.466538
Heathrow Airport,198,TW6 3PR,51.459224,-0.471816
Cathay Pacific M90 5SA,199,M90 5SA,53.3635,-2.278
American Airlines TW4 6NF,200,TW4 6NF,51.473081,-0.407638
Dnata TW6 3ET,201,TW6 3ET,51.47,-0.4509
Guernsey Docks,202,GY1 2NA,49.4598,-2.5353
Albert Johnson Quay PO2 7AE,203,PO2 7AE,50.809928,-1.087992
Swissport TW6 3PR,204,TW6 3PR,51.459224,-0.471816
Dar Lighting Limited OX16 3JZ,205,OX16 3JZ,52.076466,-1.321995
John Lewis  MK14 5BT,206,MK14 5BT,52.068589,-0.738514
Cromwell Tools LE18 2FS,207,LE18 2FS,52.584787,-1.1234
Shires Equestrian HR6 0QF,208,HR6 0QF,52.21927,-2.73208
Stirlandpaterson DE7 4RA,209,DE7 4RA,52.951626,-1.301385
Holland and Barrett (DE14 2WP),210,DE14 2WP,52.799825,-1.660129
Leicester LD,211,LE3 1TU,52.632202,-1.210434
Carnal Logistics,212,BT1 1AA,54.602444,-5.922291
Amazon Rugby (BHX5)   CV23 0WE,213,CV23 0WE,52.401688,-1.242488
Amazon Daventry (BHX3) NN11 8QL,214,NN11 8QL,52.268357,-1.187742
Worcester LD,215,WR4 9XN,52.216301,-2.194024
Tyldesley DO,216,M29 8AA,53.514375,-2.465188
Cambridge Weight Plan Ltd (NN17 5JE),217,NN17 5JE,52.501877,-0.652295
Nisbets Third Way BS11 9YL,218,BS11 9YL,51.505569,-2.688153
Poole LD,219,BH17 7AG,50.73699,-1.99384
Cromwell Tools LE8 6HP,220,LE8 6HP,52.562891,-1.182934
Avon Cosmetics (NN17 4AZ),221,NN17 4AZ,52.507005,-0.69285
Howard Tennets (LE17 4XW),222,LE17 4XW,52.456514,-1.24445
Lockhart Catering  (RG7 4XE),223,RG7 4XE,51.435085,-1.070043
White Stuff Ltd LE19 1SU,224,LE19 1SU,52.5941,-1.190266
Gardners Books Ltd (BN23 6QH),225,BN23 6QH,50.797013,0.289589
Gatwick LD,226,RH10 9ZX,51.14009,-0.167025
Ship It Appliances (M50 1RE),227,M50 1RE,53.482575,-2.322813
Leeds LD,228,LS10 1RD,53.772618,-1.505394
Milton Keynes LD,229,MK15 8HG,52.069016,-0.72948
DHL Cargo (DE74 2TR),230,DE74 2TR,52.826341,-1.348966
WH Smith B6 7BH,231,B6 7BH,52.51577,-1.872735
Briggs Industrial Footwear   LE4 9LE,232,LE4 9LE,52.661513,-1.088221
Oxford LD,233,OX5 1HP,51.827018,-1.300654
Hereford LD,234,Hr2 6LR,52.035634,-2.688872
UPS EMA Air Hub (DE74 2BQ),235,DE74 2BQ,52.828811,-1.382368
Exeter LD,236,EX2 8RL,50.705881,-3.52752
Solent LD,237,PO14 4LW,50.856676,-1.247525
Newcastle LD,238,DH2 1AE,54.87262,-1.583421
Exeter VOC,239,EX5 1EW,50.699308,-3.390899
Lincoln LD,240,LN6 3LQ,53.201943,-0.602964
London West LD,241,W3 0TH,51.522517,-0.278034
Norwich LD,242,NR2 4HJ,52.636516,1.285131
Cleveland LD,243,TS2 1RA,54.580524,-1.25485
Amazon Hinckley Park BHX7 (LE10 3FF),244,LE10 3FF,52.513946,-1.349446
Atherstone International,245,CV9 1FA,52.575737,-1.528231
Amazon EMA2 (NG17 NB),246,NG17 5NB,53.126085,-1.216663
Bleckmann (DE14 2AB),247,DE14 2AB,52.801158,-1.654898
Decathlon Logistics (NN4 7HT),248,NN4 7HT,52.222992,-0.849724
Downton Ltd GL2 4PA,249,GL2 4PA,51.807523,-2.292948
Sky Broadband CV21 1DZ,250,CV21 1DZ,52.39126,-1.261257
Red Funnel SO14 2AQ,251,SO14 2AQ,50.895452,-1.404993
Southampton VOC,252,SO40 4BX,50.897196,-1.439277
GXO Logistics (DE7 6HE),253,DE7 6HE,52.962223,-1.356578
Amazon Coventry  (BHX4)  CV5 9DQ,254,CV5 9DQ,52.436495,-1.552548
Bathgate DO,255,EH48 2EP,55.883608,-3.62767
Perth Hub,256,PH1 1AA,56.403073,-3.447403
Edinburgh East DO,257,EH7 6XD,55.955697,-3.12516
Glenrothes DO,258,KY7 4NY,56.187852,-3.147189
Kirkcaldy DO,259,KY2 5ZX,56.111855,-3.172216
Grangemouth DO,260,FK3 8AA,56.019483,-3.724824
Stirling DO,261,FK7 7XX,56.115675,-3.918918
Dundee West DO,262,DD2 3UX,56.483318,-3.012046
East Midlands VOC,263,DE74 2SA,52.824724,-1.331344
Barnard Castle DO,264,DL12 8AX,54.554294,-1.922058
Sports Direct (NG20 8RY),265,NG20 8RY,53.196935,-1.204027
Opex Logistics,266,GL2 4LY,51.833797,-2.276296
Dimensions (NG10 1FZ),267,NG10 1FZ,52.888549,-1.267185
Thorntons Chocolates DE55 4XJ,268,DE55 4XJ,53.086103,-1.388927
Eden Springs UK Ltd,269,BL2 6RT,53.573171,-2.363084
Amazon Derby  (EMA1)  DE74 2DL ,270,DE74 2DL,52.83498333333333,-1.32005
Clifton NG DO,271,NG11 8AA,52.903211,-1.177778
Coloured Rocks B98 9HF,272,B98 9HF,52.313416,-1.895109
Joma Jewellery (OX16 2SP),273,OX16 2SP,52.079698,-1.338683
Bulwell DO,274,NG6 8DZ,52.992378,-1.18844
Amazon Glenfield (XLH1 )  LE3 8JS,275,LE3 8JS,52.641746,-1.21409
Coventry South DO,276,CV3 4RP,52.380547,-1.463605
Linneys Suppliers/ITS (EN11 0DY),277,EN11 0DY,51.763493,0.005163
Living On Line NG10 5AD,278,NG10 5AD,52.920839,-1.286531
Flowerline NG21 0RU,279,NG21 0RU,53.104633,-1.11109
Cornwall LD,280,PL31 2RQ,50.47824,-4.703933
Torquay DO,281,TQ2 7TA,50.484772,-3.549698
Newton Abbot DO,282,TQ12 4BT,50.528625,-3.598642
Harrier TQ12 4UH,283,TQ12 4UH,50.53167,-3.59595
Bideford DO,284,EX39 2EX,51.020169,-4.204198
Barnstaple DO,285,EX32 8XX,51.079988,-4.055789
Dorset Mail Centre,286,BH17 0AA,50.746663,-1.973939
Truro Mail Centre,287,TR1 1AA,50.255282,-5.046106
Plymouth Mail Centre,288,PL9 7XX,50.3639,-4.106063
Plymouth LD,289,PL6 7BQ,50.447532,-4.110818
Falmouth DO,290,TR11 4TT,50.152111,-5.100402
Paragon DC - Whistl Fulfilment (LE17 4XZ),291,LE17 4XZ,52.447401,-1.236572
Cumbernauld DO,292,G67 1AZ,55.95191,-3.983658
Ayr DO,293,KA7 1AA,55.462701,-4.633662
Troon DO,294,KA10 6AX,55.54424,-4.661812
Gatwick Mail Centre,295,RH10 9AA,51.138767,-0.169851
Hove DO,296,BN3 3UG,50.834409,-0.168063
Westham DO,297,BN24 5NA,50.81256,0.322531
Brighton DO,298,BN1 1AA,50.826334,-0.140818
Eastbourne DO,299,BN21 1AA,50.769353,0.278764
Seaford DO,300,BN25 1LR,50.771565,0.10087
Lewes DO,301,BN7 2XZ,50.879369,0.016199
Hailsham DO,302,BN27 1DG,50.862667,0.257404
Littlehampton DO,303,BN16 3DS,50.820402,-0.509444
Accelerated Mailing RH15 8QY,304,RH15 8QY,50.966454,-0.136242
International PSC,305,TW14 8EE,51.443642,-0.43378
Burgess Hill DO,306,RH15 9TS,50.954052,-0.154065
Goring On Sea DO,307,BN12 4QT,50.814709,-0.423219
Pure Ltd (RH15 9TJ),308,RH19 9TJ,51.125869,-0.009715
Hassocks DO,309,RH15 9TS,50.954052,-0.154065
Gaugemaster (BN18 0BF),310,BN18 0BF,50.812896,-0.584134
Hastings DO,311,TN34 1AD,50.857815,0.575842
Horsham DO,312,RH12 1EA,51.067519,-0.3217
The Body Shop  BN17 6LS ,313,BN17 6LS ,50.821165,-0.527753
DFS Worldwide,314,TW14 0AN,51.459058,-0.409933
Woking Storage,315,GU21 3BA,51.324511,-0.585044
Aldershot LD,316,GU12 4QR,51.248182,-0.741573
Canterbury DO,317,CT1 1AA,51.284437,1.094448
Tonbridge DO,318,TN9 1AA,51.190126,0.286996
Polegate DO,319,BN26 6AA,50.823418,0.244804
Henfield DO,320,BN5 9ZZ,50.916207,-0.26454
Lancing DO,321,BN15 9AA,50.82806,-0.32221
Hitchin DO,322,SG1 1AA,51.896084,-0.203001
Letchworth DO,323,SG6 2YY,51.981602,-0.209223
Watford DO,324,WD18 8FQ,51.64175,-0.427895
Globexair   UB2 5LF,325,UB2 5LF,51.500315,-0.403297
Dunstable DO,326,LU6 1JH,51.887753,-0.523993
Tottenham DO,327,N17 6PT,51.59386,-0.071604
Wurth Uk Ltd DA18 4AE,328,DA18 4AE,51.493627,0.143944
ML Accessories (LU5 4LT),329,LU5 4LT,51.891694,-0.511352
Perfume Shop (LU5 4RZ),330,LU5 4RZ,51.893945,-0.518006
Levi Strauss  (NN4 9BA),331,NN4 9BA,52.213447,-0.95105
Wednesbury Branch Direct Hub,332,WS10 7DG,52.560356,-2.027172
Business  Design  Centre N1 0QH,333,N1 0QH,51.535509,-0.105346
GXO Abercrombie & Fitch (NN10 0FN),334,NN10 0FN,52.299397,-0.589479
XPO Logistics M50 1RE,335,M50 1RE,53.482575,-2.322813
Medway LD,336,ME8 0PP,51.365326,0.57795
Reading LD,337,RG2 0JD,51.442306,-0.97842
Amazon Rochester (LCY8) (ME3 9GX),338,ME3 9GX,51.433506,0.607356
East London PSC,339,RM20 3ED,51.471759,0.275049
Slough DO,340,SL1 1AA,51.508271,-0.584618
Uxbridge DO,341,UB8 2GG,51.537324,-0.487355
Transworld TW5 9QA,342,TW5 9QA,51.486238,-0.401023
Speciality Drinks Ltd NW10 7SU,343,NW10 7SU,51.531726,-0.274428
Norwich Mail Centre,344,NR1 1AA,52.62665,1.309339
Guildford DO,345,GU1 1AA,51.245283,-0.582332
Swindon Mail Centre,346,SN3 5TG,51.552032,-1.722576
Swindon WBC,347,SN3 5HG,51.551194,-1.725769
Gee Force Logistics (LE8 6LH),348,LE8 6LH,52.565554,-1.181946
Evre Limited UB2 4BD,349,UB2 4BD,51.504088,-0.371688
The Jewellery Channel TW13 7HF,350,TW13 7HF,51.438624,-0.409024
London Camden DO,351,NW1 1AA,51.530784,-0.13543
WRT RDC Delivery,352,WA2 8AA,53.404444,-2.600338
Maidenhead DO,353,SL6 1AA,51.518545,-0.714794
London South West LD,354,SM3 9QN,51.376089,-0.20834
BFPO Northolt HA4 6DQ,355,HA4 6DQ,51.551976,-0.409399
Swissport TW6 3LW,356,TW6 3LW,51.458642,-0.465113
Dnata Cargo Westpoint (TW19 7LX),357,TW19 7LX,51.457547,-0.469439
Linnells  CM3 3BE,358,CM3 3BE,51.789901,0.520945
Twinmar Ltd (HP2 7EA),359,HP2 7EA,51.769781,-0.438385
DHL Globalmatch SL3 8AG,360,SL3 8AG,51.494079,-0.535183
OCS SL3 0AY,361,SL3 0AY,51.47157,-0.517363
Amazon Seko  TW20 8EY,362,TW20 8EY,51.415426,-0.533312
J A S Forwarding (TW14 8EE),363,TW14 8EE,51.443642,-0.43378
Mint Velvet (MK10 0BB),364,MK10 0BB,52.032513,-0.690315
Amazon Swindon BRS2 (SN3 4DB),365,SN3 4DB,51.579106,-1.718733
Sainsburys Distribution Bedford (MK43 9AA),366,MK43 9AA,52.099318,-0.504508
Inverness Mail Centre,367,IV1 1SG,57.487786,-4.213664
Forres DO,368,IV36 1ZZ,57.608473,-3.621857
Fort William DO,369,PH33 6AA,56.818899,-5.110051
Kyle DO,370,IV40 8AA,57.28179,-5.71302
Portree DO,371,IV51 9AA,57.418267,-6.210478
Inverness LD,372,IV1 1AD,57.487251,-4.225728
Alnwick DO,373,NE66 2DD,55.401083,-1.697717
Elgin DO,374,IV30 1AA,57.647231,-3.321455
Thurso DO,375,KW14 7AL,58.593324,-3.521835
Nairn DO,376,IV12 4QU,57.582697,-3.870754
Monsoon  Ltd NN8 2DH,377,NN8 2DH,52.29017,-0.667981
Portsmouth DO,378,PO3 5GG,50.833015,-1.067904
Tyneside Mail Centre,379,NE11 0YY,54.941793,-1.61491
Pharmacy 2U (LE67 1GQ),380,LE67 1GQ,52.695343,-1.350602
Advanced Direct DY2 9RE,381,DY2 9RE,52.485294,-2.07818
Book Brothers (Price Cut Books Ltd)(LE4 1ET),382,LE4 1BR,52.66971,-1.154599
Wincanton DO,383,BA9 9ZZ,51.057353,-2.409923
The White Company NN4 9BB,384,NN4 9BB,52.219221,-0.947519
House Of Fraser MK15 0DB,385,MK15 0DB,52.0641,-0.7231
DK Fulfilment CV6 5RE,386,CV6 5RE,52.433153,-1.493181
Fedex Express,387,TW14 0SL,51.463135,-0.406271
Heysham (S),388,LA3 2XF,54.036663,-2.913799
Amazon Coalville (SNG1) LE67 1PD,389,LE67 1PD,52.698709,-1.333505
Winit LE3 8DX,390,LE3 8DX,52.649403,-1.216377
Amethyst Logistics (2B&C Logistics ) (CV35 9JY),391,CV35 9JY,52.189902,-1.607106
River Island - Clipper Logistics PLC (NG22 9LD),392,NG22 9LD,53.207715,-0.974893
Fairway Logistics SL3 8DS,393,SL3 8DS,51.507319,-0.541257
Synergy (RH15 9NB),394,RH15 9NB,50.952695,-0.142244
W H Peacock (MK42 0PE),395,MK42 0PE,52.120368,-0.430325
Orange Connex Global (SF Express) (WS8 7DG),396,WS8 7DG,52.634631,-1.932446
Milton Keynes PSC,397,MK17 8EW,52.043923,-0.665362
New Look (ST5 9QG),398,ST5 9QG,53.031243,-2.253837
Guernsey Airport,399,GY8 0DS,49.429550000000006,-2.62095
IFORCE JOHN LEWIS (NN18 8ET),400,NN18 8ET,52.486644,-0.667253
Atherstone PSC,401,CV9 1FA,52.575737,-1.528231
Manchester VOC,402,M1 2NG,53.477591,-2.222579
Amazon Altrincham (MAN1) (M90 5AA),403,M90 5AA,53.359064,-2.295164
Data Image Group Ltd LE19 2GP,404,LE19 2GP,52.570085,-1.216475
Manchester Branch Direct Hub,405,M12 6HH,53.473393,-2.227845
Amazon Warrington (MAN2) WA5 3XA,406,WA5 3XA,53.406693,-2.659532
Amazon Knowsley (LPL2) (L33 7AP,407,L33 7AP,53.487946,-2.860515
Coulby Newham DO,408,TS8 0UD,54.521793,-1.223367
Pinnacle Health Ltd PE7 3EL,409,PE7 3EL,52.527069,-0.241288
South Shields DO,410,NE33 5BY,54.988284,-1.442307
Darlington DO,411,DL1 1AA,54.522095,-1.550751
Sunderland DO,412,SR5 2TG,54.918376,-1.420249
Amazon Durham MME2 (DH6 5FG),413,DH6 5NP,54.727922,-1.523024
Stockton On Tees DO,414,TS19 0BJ,54.571607,-1.320119
Newcastle Upon Tyne City DO,415,NE1 1AD,54.96746,-1.615383
North Tyneside DO,416,NE29 8YY,55.018204,-1.490329
Amazon Gateshead (NCL1 DNE2)   ,417,NE10 8YA,54.936258,-1.519038
Metromail SR7 7DN,418,SR7 7DN,54.822278,-1.333673
Hartlepool DO,419,TS24 7AA,54.681571,-1.21038
Northallerton DO,420,DL7 8JY,54.337216,-1.434127
Great Yarmouth DO,421,NR30 1AA,52.612418,1.724617
Bowthorpe DO,422,NR5 9PD,52.641621,1.217785
Lowestoft DO,423,NR32 2ER,52.479292,1.733268
Cotswold Outdoor SN16 9SH,424,SN16 9SH,51.656223,-2.054623
Yours Clothing (PE2 6XU),425,PE2 6XU,52.540199,-0.316943
Delicious Marketing M17 1NR,426,M17 1NR,53.469246,-2.315889
Haydock Trailer Park,427,WA11  9UX,53.474825,-2.648142
Prestige Flowers CO15 4AD,428,CO15 4AD,51.803979,1.164669
Wigan DO,429,WN1 1AA,53.546967,-2.635089
Express Gifts Returns M35 0HJ,430,M35 0HJ,53.505733,-2.167196
The Hut Group (THG) (WA5 3TP),431,WA5 3TP,53.41195,-2.659507
Altrincham DO,432,WA15 8AA,53.385798,-2.338499
B Fashion Ltd LE11 1HL,433,LE11 1HL,52.781453,-1.198456
Wenritt (BL3 5PT),434,BL3 5PT,53.572695,-2.452735
Rossendale DO,435,BB4 7LU,53.702006,-2.284443
Kleeneze OL10 2TT,436,OL10 2TT,53.581329,-2.238981
Askews and Holt Library Services (PR1 1SY),437,PR1 1SY,53.765338,-2.698152
Crewe DO,438,CW1 6AR,53.087051,-2.430554
Jackson Art Supplies (GL2 2FN),439,GL2 2FN,51.816513,-2.273463
JD Sports,440,OL16 4FW,53.607251,-2.12909
Oakwood Dist BL5 3XU,441,BL5 3XU,53.555966,-2.533663
Amazon Doncaster (LBA4) DN11 0BF,442,DN11 0BF,53.481335,-1.103527
Woodstock Trading HR2 6LB,443,HR2 6LB,52.040194,-2.68397
Hyde DO,444,SK14 1AA,53.451902,-2.078805
Congleton DO,445,CW12 4ZZ,53.167119,-2.229
RS Components CV10 7RS,446,CV10 7RS,52.500857,-1.484514
Fulfilment Warehouse GL54 2HQ,447,GL54 2HQ,51.893717,-1.752464
PFS GLOBAL SO18 - Pandora,448,SO18 2NQ,50.925650000000005,-1.3684
Doncaster DO,449,DN4 5NE,53.512914,-1.125573
Stockport Central DO,450,SK4 2HQ,53.411928,-2.175599
Bramhall DO,451,SK7 1AA,53.356375,-2.165514
Liverpool South DO,452,L3 4XX,53.380314,-2.976431
Deeside DO,453,CH5 2ZA,53.208659,-3.017188
Cambridge DO,454,CB1 7QQ,52.192254,0.137179
Boston DO,455,PE21 6AB,52.973869,-0.021269
Skegness DO,456,PE25 2AA,53.14435,0.335996
Peterborough DO,457,PE4 5PE,52.613357,-0.286193
Geodis Wilson UK Ltd (TW15 1XS),458,TW15 1XS,51.4317,-0.4576
Warners PE10 9PH,459,PE10 9PH,52.767564,-0.382108
Kings Lynn DO,460,PE30 1AA,52.757433,0.400602
Oxford University Press (OUP) NN14 1UA,461,NN14 1UA,52.4228,-0.733547
Russell Hume L24 9JT,462,L24 9JT,53.352089,-2.848041
Sleaford DO,463,NG34 7AA,52.996313,-0.409437
Hotel Chocolat PE29 7HF,464,PE29 7HF,52.34341,-0.182599
Jellycat (CB21 4SF),465,CB21 4SF,52.125402,0.387006
Grantham DO,466,NG31 6AA,52.909668,-0.64064
Penzance DO,467,TR18 2NY,50.118867,-5.539592
St Austell DO,468,PL25 3PP,50.341347,-4.758965
St Ives PE DO,469,PE27 5AA,52.3325,-0.075
Bristol Branch Direct Hub,470,BS37 5YT,51.538272,-2.441985
Browns Group,471,ST6 4NU,53.053846,-2.220223
Harrow DO,472,UB6 0TP,51.547351,-0.351748
Ashtead DO,473,KT22 7AE,51.296062,-0.333705
West Wimbledon DO,474,SW19 4BB,51.416892,-0.213289
Blackpool DO,475,FY2 0XX,53.855192,-3.020227
Chorley DO,476,PR6 0UU,53.653199,-2.625216
Burnley DO,477,BB11 1DY,53.79093,-2.240888
Southport DO,478,PR8 4ZZ,53.626988,-2.985822
Toolstation TA6 4RN,479,TA6 4RN,51.148585,-2.994789
Bolton North DO,480,BL1 8XX,53.588488,-2.425425
Kilmarnock DO,481,KA1 3AA,55.599196,-4.493148
Shotts DO,482,ML2 0YY,55.772547,-3.948483
Paisley DO,483,PA3 1TN,55.848407,-4.438248
Inverclyde DO,484,PA15 4RD,55.94264,-4.741932
BT Returns (KY7 4UA),485,KY7 4UA,56.179828,-3.151269
NRG Direct Mail Ltd  SY21 7DF,486,SY21 7DF,52.653471,-3.139794
Amazon Dunfermline (EDI4) KY11 8ST,487,KY11 8ST,56.063851,-3.390704
Oban DO,488,PA34 4AA,56.411224,-5.47466
Glasgow PFW AP Site,489,G68 0BP,55.95783333333333,-4.013866666666667
Sevenoaks DO,490,TN13 1AA,51.270282,0.191708
Belvedere DO,491,DA1 1AA,51.4447,0.20962
Andover DO,492,SP10 1AA,51.206329,-1.48174
Maidstone DO,493,ME15 9EE,51.237695,0.563657
Bexleyheath DO,494,DA7 4BS,51.463202,0.134729
Ramsgate DO,495,CT11 7RA,51.339913,1.405812
Ashford TN DO,496,TN23 1AB,51.146561,0.875617
Medway Valley DO,497,ME6 5GP,51.326341,0.446642
Buy Whole Foods On Line Ltd (CT12 4HY),498,CT12 4HY,51.340822,1.324433
West Thurrock Branch Direct Hub,499,RM20 3FJ,51.47832,0.269212
Rainham ME DO,500,ME8 0QN,51.365778,0.576251
Chatham DO,501,ME4 4AA,51.380607,0.525518
Bracknell DO,502,RG12 1GJ,51.416007,-0.770736
Basingstoke DO,503,RG24 9AA,51.277326,-1.107874
Reading West DO,504,RG30 1DZ,51.461564,-0.999021
Banbury DO,505,OX16 4AA,52.061525,-1.327429
Oxford East DO,506,OX4 6HA,51.722612,-1.213408
Pangbourne DO,507,RG8 7AA,51.483505,-1.08734
Reading East DO,508,RG6 1AA,51.457625,-0.945636
Abingdon DO,509,OX14 5AD,51.66921,-1.287703
Witney DO,510,OX28 4WS,51.776948,-1.485118
Bicester DO,511,OX26 4ZZ,51.901771,-1.14152
Oxford DO,512,OX1 1XX,51.750231,-1.267367
Newbury DO,513,RG14 5BS,51.40007,-1.322045
Thatcham DO,514,RG19 4ZZ,51.393977,-1.244596
Swindon Trailer Park,515,SN3 4TQ,51.598908,-1.736007
Chippenham DO,516,SN14 6EX,51.464891,-2.144161
Nationwide SN2 1EL,517,SN2 1EL,51.565755,-1.793675
Epsom Branch Direct Hub,518,KT17 1EG,51.33918,-0.257585
Ryde DO,519,PO33 1BH,50.717602,-1.157821
Newport IOW DO,520,PO30 5AN,50.706999,-1.294717
Sandown DO,521,PO36 8LR,50.653483,-1.157062
West Coast Ltd (RG7 4AH),522,RG7 4AH,51.43273,-1.070399
Amazon  Methley DSA6 (LS26 9FT),523,LS26 9FT,53.727407,-1.447757
Amazon Nottingham (EMA3)  NG16 3UA,524,NG16 3UA,53.022455,-1.321573
Amazon Doncaster (LBA2) DN11 0BG,525,DN11 0BG,53.473797,-1.105238
Hull Malmo Road DO,526,HU7 0AA,53.777169,-0.343274
AMAZON LBA5,527,LS9 0DZ,53.77745,-1.48569
North East PSC VOC,528,S9 1TQ,53.400669,-1.386853
UK Greetings Cannon Way (WF13 1XH),529,WF13 1XH,53.685478,-1.635996
UK Greetings Bretton Park (WF12 9BS),530,WF12 9BS,53.676453,-1.622104
HOBBYCRAFT (DE14 2WA),531,DE14 2WA,52.796304,-1.664615
York LD,532,YO26 6QS,53.976411,-1.136282
Amazon  Chesterfild (MAN4)  S43 4PZ,533,S43 4PZ,53.281271,-1.286048
Leeds Branch Direct Hub,534,LS10 1RD,53.772618,-1.505394
Weston Super Mare DO,535,BS23 3PR,51.343881,-2.957023
Taunton DO,536,TA1 1AA,51.023442,-3.109646
Gloucester North DO,537,GL3 4EE,51.839243,-2.167993
Frome DO,538,BA11 3EW,51.234289,-2.333906
Bath DO,539,BA1 1AA,51.378849,-2.355562
Gardiner Bros (GL2 4PH),540,GL2 4PH,51.807617,-2.291092
Supersmart Site 3  (WS13 8NQ),541,WS13 8NQ,52.709875,-1.777641
Paragon Bristol (BS32 0GE),542,BS32 0GE,51.546615,-2.552547
Westbury DO,543,BA13 4EZ,51.270282,-2.205976
Trowbridge DO,544,BA14 8DA,51.320879,-2.205399
PFS Global,545,PO15 5TT,50.865665,-1.244169
Neopost Technologies Ltd IG10 3TZ,546,IG10 3TZ,51.64282,0.078302
Bristol Fishponds DO,547,BS16 3ZZ,51.47846,-2.526524
Bristol East Central DO,548,BS2 8AA,51.458456,-2.574166
Bootle and Seaforth DO,549,L20 6JH,53.469219,-2.969084
Mosaic Fulfilment Solutions (CW7 3PZ),550,CW7 3PZ,53.192903,-2.493517
Staines DO,551,TW20 8RS,51.416074,-0.531206
Camberley DO,552,GU15 3HA,51.330863,-0.766641
Game Digital RG21 6YJ,553,RG21 6YJ,51.272315,-1.108688
Marcol Limited,554,LE12 5AG,52.785473,-1.125141
Feltham DO,555,TW13 7HH,51.439532,-0.408345
Stoke on Trent DO,556,ST4 2AX,53.008009,-2.178826
Shred It (SN3 4WB),557,SN3 4WB,51.602033,-1.730285
Palletways  (WS13 8NE),558,WS13 8NE,52.711207,-1.784347
First Mailing MK3 7QT,559,MK3 7QT,52.011129,-0.750534
Lincoln DO,560,LN5 7NU,53.224065,-0.545233
Manvers DO,561,S63 5AA,53.504366,-1.329045
Wakefield DO,562,WF1 1AA,53.679473,-1.500929
Granby Marketing BB1 3BW,563,BB1 3BW,53.754885,-2.461653
Scunthorpe DO,564,DN15 7AA,53.585882,-0.654585
Sheffield City DO,565,S1 1AA,53.381455,-1.464295
Birch Park DO,566,YO31 9XX,53.978369,-1.065317
Immingham DO,567,DN40 1BL,53.621033,-0.196998
Grimsby DO,568,DN31 3AR,53.572172,-0.077361
Hull Central DO,569,HU9 1AA,53.744072,-0.326561
The Very Group  (DE74 2BB),570,DE74 2BB,52.834884,-1.31581
PD Bannister,571,BD4 6SX,53.764803,-1.713921
Hughes Electrical (IP24 1HT),572,IP24 1HT,52.426743,0.744247
Bradford South DO,573,BD5 7RS,53.781901,-1.756191
York Central DO,574,YO26 4ZZ,53.96043,-1.092336
Goole DO,575,DN14 6DA,53.701711,-0.895218
